nodes/node_canary_score_reducer/0001_create_capability_scores.sql	node:node_canary_score_reducer	node:node_canary_score_reducer	omninode_internal	node:node_canary_score_reducer:0001_create_capability_scores.sql	7195b07a7fae809f141a136a67b799ad492e79d280f54c325ac14875dcfcc2cd
nodes/node_canary_score_reducer/0002_capability_scores_tenant_id_and_rls.sql	node:node_canary_score_reducer	node:node_canary_score_reducer	tenant	node:node_canary_score_reducer:0002_capability_scores_tenant_id_and_rls.sql	74d38cca4463ed4f4d20169164d788c5afc79eea58b7f2abd02ef23093388ba4
nodes/node_canary_score_reducer/0003_capability_scores_tenant_id_to_uuid.sql	node:node_canary_score_reducer	node:node_canary_score_reducer	tenant	node:node_canary_score_reducer:0003_capability_scores_tenant_id_to_uuid.sql	d1eeefff11fbec255216154ba26aa6f0f29602a0b6fd8fd89e8de5d8d3282b2c
nodes/node_contract_registry/0000_create_contract_registry.sql	node:node_contract_registry	node:node_contract_registry	omninode_internal	node:node_contract_registry:0000_create_contract_registry.sql	bff49882c3c724de24f75b97c847ab78581064a72b77429a2251a02448fad668
nodes/node_deployment_evidence_reducer/0001_create_deployment_evidence_projection_tables.sql	node:node_deployment_evidence_reducer	node:node_deployment_evidence_reducer	omninode_internal	node:node_deployment_evidence_reducer:0001_create_deployment_evidence_projection_tables.sql	1f3d9bcc7b90bfd9bed76bac2f0b815d742c11b3deadbf5b24a682350ccbbbcd
nodes/node_evidence_dashboard_reducer/0001_create_evidence_dashboard_projection_tables.sql	node:node_evidence_dashboard_reducer	node:node_evidence_dashboard_reducer	omninode_internal	node:node_evidence_dashboard_reducer:0001_create_evidence_dashboard_projection_tables.sql	b3c4be68802a73d5f865b6730b191a15fa9d2729d3b8a5e75ed82ce3c94b70e8
nodes/node_hook_event_capture/0001_create_hook_events.sql	node:node_hook_event_capture	node:node_hook_event_capture	tenant	node:node_hook_event_capture:0001_create_hook_events.sql	6b196af13febc0090b169bb230aa4906c7cfa8fb3729035abcb19fdb84ef3ab5
nodes/node_hook_event_capture/0002_hook_events_tenant_rls.sql	node:node_hook_event_capture	node:node_hook_event_capture	tenant	node:node_hook_event_capture:0002_hook_events_tenant_rls.sql	481249b7bfe0427369227c31d6a083031e745d47af1bad76cd614deaf10fa1ef
nodes/node_llm_delegation_projection/0001_create_llm_delegation_daily_projection.sql	node:node_llm_delegation_projection	node:node_llm_delegation_projection	omninode_internal	node:node_llm_delegation_projection:0001_create_llm_delegation_daily_projection.sql	f1235bc94144eb1b380911b96752fd9910ce55de5e5db444d424f486b08bf31c
nodes/node_log_persistence_effect/0000_create_log_entries.sql	node:node_log_persistence_effect	node:node_log_persistence_effect	omninode_internal	node:node_log_persistence_effect:0000_create_log_entries.sql	80aef2841b22cac674eab3799fea3e35e4680cfc690e22d032863c0787cea76d
nodes/node_merge_state_projection/0001_create_merge_state_transitions.sql	node:node_merge_state_projection	node:node_merge_state_projection	omninode_internal	node:node_merge_state_projection:0001_create_merge_state_transitions.sql	f61dbb2a31cb1974b52a484b69263e821e93c3404fc6f763ca31abea21b77f4e
nodes/node_nightly_loop_controller/001_create_nightly_loop_tables.sql	node:node_nightly_loop_controller	node:node_nightly_loop_controller	omninode_internal	node:node_nightly_loop_controller:001_create_nightly_loop_tables.sql	dbe147357ae6e34ce35dcd97e7652f521346e6cb915775ed3d2f9a548af68ead
nodes/node_omnigate_projection/0000_create_gate_projection_tables.sql	node:node_omnigate_projection	node:node_omnigate_projection	omninode_internal	node:node_omnigate_projection:0000_create_gate_projection_tables.sql	e8409dc137dfecc4dc044632348e8a329f893fc971a9e3e536b81e71cee25747
nodes/node_pr_lifecycle_state_reducer/0001_create_pr_lifecycle_ledger_entries.sql	node:node_pr_lifecycle_state_reducer	node:node_pr_lifecycle_state_reducer	omninode_internal	node:node_pr_lifecycle_state_reducer:0001_create_pr_lifecycle_ledger_entries.sql	1eef35f54647148625bed3e64e80ad91491c75666ae388eedb701f88d6538892
nodes/node_pr_merged_projection/0001_create_pr_merged_events.sql	node:node_pr_merged_projection	node:node_pr_merged_projection	omninode_internal	node:node_pr_merged_projection:0001_create_pr_merged_events.sql	2835e23571dee7bec83c4ff75ada048929e1efb771a1d3be2bfb7b759a995070
nodes/node_pr_review_bot/001_create_review_bot_bypass_log.sql	node:node_pr_review_bot	node:node_pr_review_bot	omninode_internal	node:node_pr_review_bot:001_create_review_bot_bypass_log.sql	63e2646a7f8767fad9ec969b224982e00b83aacb665107ab5b103964d5616e00
nodes/node_projection_baselines/0001_create_baselines_tables.sql	node:node_projection_baselines	node:node_projection_baselines	omninode_internal	node:node_projection_baselines:0001_create_baselines_tables.sql	f94dae78957a2890ea80655f3d2280331504d6637f9bdbd9ef014e2c33583f9d
nodes/node_projection_baselines/0002_realign_child_tables_to_producer_schema.sql	node:node_projection_baselines	node:node_projection_baselines	omninode_internal	node:node_projection_baselines:0002_realign_child_tables_to_producer_schema.sql	b41a161c5a9e6325ced130c4d0217c72d2a2bd258effb4af5349401f3415ec30
nodes/node_projection_baselines_quality/001_create_baselines_quality_snapshots.sql	node:node_projection_baselines_quality	node:node_projection_baselines_quality	omninode_internal	node:node_projection_baselines_quality:001_create_baselines_quality_snapshots.sql	a96acb2a46e1a4914cbedafa6779d0c0610dd11cbfd3384aa9261efcd7cd6bd5
nodes/node_projection_baselines_quality/002_realign_quality_snapshots_to_producer_schema.sql	node:node_projection_baselines_quality	node:node_projection_baselines_quality	omninode_internal	node:node_projection_baselines_quality:002_realign_quality_snapshots_to_producer_schema.sql	aefec84151b6fa2e07469f1052a224c4f69ed09ac998c9f75373d81b4fff0c42
nodes/node_projection_baselines_roi/001_create_baselines_roi_snapshots.sql	node:node_projection_baselines_roi	node:node_projection_baselines_roi	omninode_internal	node:node_projection_baselines_roi:001_create_baselines_roi_snapshots.sql	1ac7a552d9e65f1961caa4fcfb22aed0361614ff7b9b7c2633b8c214039619e8
nodes/node_projection_baselines_roi/002_realign_roi_snapshots_to_producer_schema.sql	node:node_projection_baselines_roi	node:node_projection_baselines_roi	omninode_internal	node:node_projection_baselines_roi:002_realign_roi_snapshots_to_producer_schema.sql	4cfcb5a1326cf0072f26bf0670de0c39de6f044b1510185d72eb05c25431b9ff
nodes/node_projection_capsule_store/078_create_capsule_store.sql	node:node_projection_capsule_store	node:node_projection_capsule_store	omninode_internal	node:node_projection_capsule_store:078_create_capsule_store.sql	401ea38a974834d3d1fbb7792060427d8175d27bec7a8561028cdfa33b6fb06d
nodes/node_projection_capsule_store/079_create_capsule_effectiveness_view.sql	node:node_projection_capsule_store	node:node_projection_capsule_store	omninode_internal	node:node_projection_capsule_store:079_create_capsule_effectiveness_view.sql	91b14dec0459aed8b22e75e23e0a67977db0b37134f422187ed53319f6bafe37
nodes/node_projection_context_roi/001_create_context_roi_scores.sql	node:node_projection_context_roi	node:node_projection_context_roi	omninode_internal	node:node_projection_context_roi:001_create_context_roi_scores.sql	eabc473fc285af484cb194b93015837d7174464524549e638eaeae5fa9b2f69a
nodes/node_projection_context_roi/002_add_factor_subset_hash_and_routing_source.sql	node:node_projection_context_roi	node:node_projection_context_roi	omninode_internal	node:node_projection_context_roi:002_add_factor_subset_hash_and_routing_source.sql	925fc427e0e3365ecfee14233016ba771b0de1d8dd1ea80273db66aa016a9031
nodes/node_projection_context_roi/003_context_roi_scores_tenant_id_and_rls.sql	node:node_projection_context_roi	node:node_projection_context_roi	tenant	node:node_projection_context_roi:003_context_roi_scores_tenant_id_and_rls.sql	78216762ada92a10248226cd77e9fceebcbbc188aab51810667c4e7735f76d19
nodes/node_projection_cost_by_repo/0001_create_cost_by_repo_snapshots.sql	node:node_projection_cost_by_repo	node:node_projection_cost_by_repo	omninode_internal	node:node_projection_cost_by_repo:0001_create_cost_by_repo_snapshots.sql	d362c71c1fed114414bf6f7c617dc68c05619ba0c30b17c34676b7a0d583e13e
nodes/node_projection_cost_summary/0001_create_llm_cost_aggregates.sql	node:node_projection_cost_summary	node:node_projection_cost_summary	omninode_internal	node:node_projection_cost_summary:0001_create_llm_cost_aggregates.sql	60cad6737c615c1cd6275d5818f0b45e9d8e57bbf1d2f265b1ebba3f6dc2ea4d
nodes/node_projection_cost_summary/0002_llm_cost_aggregates_tenant_id_and_rls.sql	node:node_projection_cost_summary	node:node_projection_cost_summary	tenant	node:node_projection_cost_summary:0002_llm_cost_aggregates_tenant_id_and_rls.sql	a7e34a87eca0bcbf69c9590b79b59ffaa3bad97497d0778a1b8ce53ccb64c1ec
nodes/node_projection_delegation/0007_delegation_events.sql	node:node_projection_delegation	node:node_projection_delegation	tenant	node:node_projection_delegation:0007_delegation_events.sql	92e614f5e5bf63cd7aa07511f4575925f8e11729d568fe24cf36266fc0505f07
nodes/node_projection_delegation/0008_generation_events.sql	node:node_projection_delegation	node:node_projection_delegation	omninode_internal	node:node_projection_delegation:0008_generation_events.sql	d4563a744d4e925a5afd6e176b9284ff08c07b770ee6d49d25b4816b5a785101
nodes/node_projection_delegation/0009_delegate_skill_projection_metrics.sql	node:node_projection_delegation	node:node_projection_delegation	tenant	node:node_projection_delegation:0009_delegate_skill_projection_metrics.sql	ba2f5e8428084d2f7e3386372864aed7b8d47f31d4048e12878f8799060fb03d
nodes/node_projection_delegation/0009a_delegation_events_legacy_schema_reconcile.sql	node:node_projection_delegation	node:node_projection_delegation	tenant	node:node_projection_delegation:0009a_delegation_events_legacy_schema_reconcile.sql	b2e66b31070e676933f89b72876f05fdd3e812ad6a87d426c95290c6d0b9a489
nodes/node_projection_delegation/0010_create_delegation_dashboard_projection_views.sql	node:node_projection_delegation	node:node_projection_delegation	tenant	node:node_projection_delegation:0010_create_delegation_dashboard_projection_views.sql	5756805995f260d47a81fbacd16957c31c68ead6e34cb75a9d729a8af25a10a9
nodes/node_projection_delegation/0011_delegation_event_projection_versions.sql	node:node_projection_delegation	node:node_projection_delegation	tenant	node:node_projection_delegation:0011_delegation_event_projection_versions.sql	b574eef907058ec1a3bd06d2da043750cabc41c9fcfb89429fcced21731e16a7
nodes/node_projection_delegation/0012_generation_output_columns.sql	node:node_projection_delegation	node:node_projection_delegation	omninode_internal	node:node_projection_delegation:0012_generation_output_columns.sql	2c2f0a18ec3baf3ed28755d42fe6e6dcca5f350309df8e0554d9ae8330eb8017
nodes/node_projection_delegation/0013_generation_proof_fields.sql	node:node_projection_delegation	node:node_projection_delegation	omninode_internal	node:node_projection_delegation:0013_generation_proof_fields.sql	500a2497ff8c61803f6b25c473805e2c297890a908959f9ba839d068c46183e2
nodes/node_projection_delegation/0014_generation_semantic_pass.sql	node:node_projection_delegation	node:node_projection_delegation	omninode_internal	node:node_projection_delegation:0014_generation_semantic_pass.sql	655938bafba9b13a409361da63589e839a2327bd5b7938d9c10403e6edd13ae9
nodes/node_projection_delegation/0015_generation_corpus_acceptance.sql	node:node_projection_delegation	node:node_projection_delegation	omninode_internal	node:node_projection_delegation:0015_generation_corpus_acceptance.sql	f75c53356965a632ec273aa98795711a29726422d4db999a6d2b7b0cdf1b9734
nodes/node_projection_delegation/0016_delegation_judge_verdict_events.sql	node:node_projection_delegation	node:node_projection_delegation	tenant	node:node_projection_delegation:0016_delegation_judge_verdict_events.sql	b0493d9356dc4a70fac4e8aae98c71adfbd32820f5eaea73e1a3031cc88ccdc3
nodes/node_projection_delegation/0016_delegation_quality_bar_evidence.sql	node:node_projection_delegation	node:node_projection_delegation	tenant	node:node_projection_delegation:0016_delegation_quality_bar_evidence.sql	29d8c4a5dcf9a85fc9edea0c0996df197a8054263ce7e048dc249a07341a92b2
nodes/node_projection_delegation/0017_premium_counterfactual.sql	node:node_projection_delegation	node:node_projection_delegation	tenant	node:node_projection_delegation:0017_premium_counterfactual.sql	18045c900787c1984d8a8bd51ee12d99af6c2e9e512fe59907e97c1bbb913549
nodes/node_projection_delegation/0018_delegation_cost_measurements.sql	node:node_projection_delegation	node:node_projection_delegation	tenant	node:node_projection_delegation:0018_delegation_cost_measurements.sql	f10798ce3382ab582482831bb0bd87c5c9831e2dfc28c9031b8bca214308fbf2
nodes/node_projection_delegation/0019_delegation_budget_state.sql	node:node_projection_delegation	node:node_projection_delegation	tenant	node:node_projection_delegation:0019_delegation_budget_state.sql	161142a604726ad6c0a6b5e881f5b82c2b4a37066ca3fc2327961814a3149e7c
nodes/node_projection_delegation/0020_delegation_context_pack_hash.sql	node:node_projection_delegation	node:node_projection_delegation	tenant	node:node_projection_delegation:0020_delegation_context_pack_hash.sql	1de228eead0e695c0cc14b9824a436fa54ef339739ad8ef278518ef137d79798
nodes/node_projection_delegation/0021_delegation_tier_distribution_not_tier_routed.sql	node:node_projection_delegation	node:node_projection_delegation	tenant	node:node_projection_delegation:0021_delegation_tier_distribution_not_tier_routed.sql	112dc502e55bff20125d2acc187668ba71f8d6ee37db1b36e78ac8e7c9a19070
nodes/node_projection_delegation/0022_delegation_events_tenant_id.sql	node:node_projection_delegation	node:node_projection_delegation	tenant	node:node_projection_delegation:0022_delegation_events_tenant_id.sql	dc824dd6926e07c58f95ef1313d4ec3afd6e0a0af54bbec9fba20ec2c2424bed
nodes/node_projection_delegation/0023_delegation_rls_tenant_isolation.sql	node:node_projection_delegation	node:node_projection_delegation	tenant	node:node_projection_delegation:0023_delegation_rls_tenant_isolation.sql	5a4f6e83cde6e9fde17ff1786965dda2d8482bec6e16de8d6a354de7853ca4de
nodes/node_projection_delegation/0024_drop_unwired_routing_columns.sql	node:node_projection_delegation	node:node_projection_delegation	tenant	node:node_projection_delegation:0024_drop_unwired_routing_columns.sql	70f75b762938d93e5828dc69d49efe76f4272c3c1c722678d10570daf393ca35
nodes/node_projection_delegation/0025_delegation_judge_verdict_events_tenant_id.sql	node:node_projection_delegation	node:node_projection_delegation	tenant	node:node_projection_delegation:0025_delegation_judge_verdict_events_tenant_id.sql	4c8c3d4bddd9e1885d5d1fc7fea09a8ef2ad8d62e73b5e5bd7743ee93a14adee
nodes/node_projection_delegation/0026_delegation_judge_verdict_events_rls_tenant_isolation.sql	node:node_projection_delegation	node:node_projection_delegation	tenant	node:node_projection_delegation:0026_delegation_judge_verdict_events_rls_tenant_isolation.sql	3b37d7cf23ce0de237f9f78658058a55d709bb0505647a455231c06fee38bcdb
nodes/node_projection_delegation/0027_generation_events_tenant_rls.sql	node:node_projection_delegation	node:node_projection_delegation	omninode_internal	node:node_projection_delegation:0027_generation_events_tenant_rls.sql	9f5ffade664f1e1aaf86ea990c7b66edd99e076f099f00791ecddacaef6ebd7f
nodes/node_projection_delegation/0028_reconcile_delegation_observability_views.sql	node:node_projection_delegation	node:node_projection_delegation	tenant	node:node_projection_delegation:0028_reconcile_delegation_observability_views.sql	16c8e6392e344f017afe14012bac0822e7d290507e14c3351cfe170cf0df0b58
nodes/node_projection_delegation/0029_delegation_terminal_failure_cause.sql	node:node_projection_delegation	node:node_projection_delegation	tenant	node:node_projection_delegation:0029_delegation_terminal_failure_cause.sql	11a08d7da4834f34d900cac9b3351d04c8d92d40c87d65be6996ef9b40eb498f
nodes/node_projection_delegation/0030_delegation_budget_state_house_tenant_rekey.sql	node:node_projection_delegation	node:node_projection_delegation	tenant	node:node_projection_delegation:0030_delegation_budget_state_house_tenant_rekey.sql	d12fa41576c40a98323ef44f778e5c49a804fbcb5b59ee69da54192a665515cf
nodes/node_projection_delegation_inference_response/0001_create_projection_delegation_inference_response_text.sql	node:node_projection_delegation_inference_response	node:node_projection_delegation_inference_response	tenant	node:node_projection_delegation_inference_response:0001_create_projection_delegation_inference_response_text.sql	17b3290b9cac74bbab65bdf1b814f7ad7ff318b7967263b43ecb82c647fbbf02
nodes/node_projection_delegation_inference_response/0002_inference_response_text_tenant_rekey.sql	node:node_projection_delegation_inference_response	node:node_projection_delegation_inference_response	tenant	node:node_projection_delegation_inference_response:0002_inference_response_text_tenant_rekey.sql	8c5abf5bcea9d228b2053d39214969259cc0e6f4d0d26f69b91579fe22a2d72d
nodes/node_projection_delegation_inference_response/0003_inference_response_text_rls_tenant_isolation.sql	node:node_projection_delegation_inference_response	node:node_projection_delegation_inference_response	tenant	node:node_projection_delegation_inference_response:0003_inference_response_text_rls_tenant_isolation.sql	1ea1225f7977510fdb59d58c7917a8f5669234004d5749fd9f3a84cc7fb47208
nodes/node_projection_dep_health/001_create_dep_health_findings.sql	node:node_projection_dep_health	node:node_projection_dep_health	omninode_internal	node:node_projection_dep_health:001_create_dep_health_findings.sql	81e097ced9e5c386183ca2563f786a297263576637703c57ca5ab913b58e08bc
nodes/node_projection_dep_health/002_dep_health_findings_tenant_id_and_rls.sql	node:node_projection_dep_health	node:node_projection_dep_health	tenant	node:node_projection_dep_health:002_dep_health_findings_tenant_id_and_rls.sql	22a1f4eb8fd25717ca81e2af34db8585d193f24a824c16339a0c5f9796681b28
nodes/node_projection_event_chain/0001_create_event_chain.sql	node:node_projection_event_chain	node:node_projection_event_chain	omninode_internal	node:node_projection_event_chain:0001_create_event_chain.sql	413f1a55989e337c98b5248723ec8ecaa4643fc363dfbd01b2496efaef200fc3
nodes/node_projection_instruction_eval/0001_create_instruction_eval_aggregate_snapshots.sql	node:node_projection_instruction_eval	node:node_projection_instruction_eval	omninode_internal	node:node_projection_instruction_eval:0001_create_instruction_eval_aggregate_snapshots.sql	a75059367f26e95dccfffdf455a3dbdc94c9453cbc3290f5004f38783e77c049
nodes/node_projection_instruction_eval/0002_instruction_eval_aggregate_snapshots_tenant_id_and_rls.sql	node:node_projection_instruction_eval	node:node_projection_instruction_eval	tenant	node:node_projection_instruction_eval:0002_instruction_eval_aggregate_snapshots_tenant_id_and_rls.sql	616bbcd1dc6d1a670f50843e4e5f7acd68c105293a9866950720b2b855727c31
nodes/node_projection_intent_classification/0000_create_intent_classification_events.sql	node:node_projection_intent_classification	node:node_projection_intent_classification	omninode_internal	node:node_projection_intent_classification:0000_create_intent_classification_events.sql	53b37bc8a4544260a61d8f71dcbcd918822cf116c18e1df2f87a53f483c79f48
nodes/node_projection_live_events/0000_create_live_events.sql	node:node_projection_live_events	node:node_projection_live_events	omninode_internal	node:node_projection_live_events:0000_create_live_events.sql	025cef6adfad109adca24183f07d597bd47694574dcee871ccb333f0490ccbf6
nodes/node_projection_live_events/0001_reclassify_event_lifecycle_types.sql	node:node_projection_live_events	node:node_projection_live_events	omninode_internal	node:node_projection_live_events:0001_reclassify_event_lifecycle_types.sql	b723afcc935ad53d6517cdccd39b41077e2646eb56d80defc62aa188a312e7f4
nodes/node_projection_live_events/0002_create_omninode_internal_live_events.sql	node:node_projection_live_events	node:node_projection_live_events	omninode_internal	node:node_projection_live_events:0002_create_omninode_internal_live_events.sql	b0009d57f9849c975e8fa5bda4b27457cb16ac7acdce000e66b46eabfa9f6355
nodes/node_projection_llm_cost/0001_create_llm_call_metrics.sql	node:node_projection_llm_cost	node:node_projection_llm_cost	omninode_internal	node:node_projection_llm_cost:0001_create_llm_call_metrics.sql	43e896b82c4060f65c3ff98776ece5b567dd452b8842d20c6cf49574bcc4dc7b
nodes/node_projection_llm_routing/0000_create_llm_routing_decisions.sql	node:node_projection_llm_routing	node:node_projection_llm_routing	omninode_internal	node:node_projection_llm_routing:0000_create_llm_routing_decisions.sql	0b0cf074733223af0dfb935a64a381bdd39aa9988301e9c06a98ce0e0d81d474
nodes/node_projection_llm_routing/0001_create_routing_dashboard_projection_view.sql	node:node_projection_llm_routing	node:node_projection_llm_routing	omninode_internal	node:node_projection_llm_routing:0001_create_routing_dashboard_projection_view.sql	ada776fd7cc10ac28be44ecd3844410af537bbc180ce36404375d30fec0ad9f9
nodes/node_projection_mcp_tools/0001_create_mcp_tools.sql	node:node_projection_mcp_tools	node:node_projection_mcp_tools	omninode_internal	node:node_projection_mcp_tools:0001_create_mcp_tools.sql	97fed831309a0ddedb682ebd0ee2e62d930a55759999bc43d3d27e523a88562c
nodes/node_projection_overnight/0000_create_overnight_sessions_tables.sql	node:node_projection_overnight	node:node_projection_overnight	omninode_internal	node:node_projection_overnight:0000_create_overnight_sessions_tables.sql	afd9a8bd9be2a9628d27fa7e6fbd918014fa285bf33970d208e183aa67c3a591
nodes/node_projection_overnight/0001_create_overnight_readiness_projection_view.sql	node:node_projection_overnight	node:node_projection_overnight	omninode_internal	node:node_projection_overnight:0001_create_overnight_readiness_projection_view.sql	770aaf52c91e1227dba5cc20c295ed0ab1100368e0ba03a4475f3417c5fed43a
nodes/node_projection_pattern_learning/0000_create_pattern_learning_artifacts.sql	node:node_projection_pattern_learning	node:node_projection_pattern_learning	omninode_internal	node:node_projection_pattern_learning:0000_create_pattern_learning_artifacts.sql	356ece28cb2f5b9fc7ab155bc84cf00e7124e2aba5b9ead28ca99370698b695b
nodes/node_projection_pattern_learning/0001_pattern_learning_artifacts_tenant_id_and_rls.sql	node:node_projection_pattern_learning	node:node_projection_pattern_learning	tenant	node:node_projection_pattern_learning:0001_pattern_learning_artifacts_tenant_id_and_rls.sql	80c199b287b8499201b124043388b4b0db22d41a3323e0af24349e32344c89e5
nodes/node_projection_receipt_gate/0000_create_receipt_gate_projection_table.sql	node:node_projection_receipt_gate	node:node_projection_receipt_gate	omninode_internal	node:node_projection_receipt_gate:0000_create_receipt_gate_projection_table.sql	bb08e06d443e74816b412306bcf47269061218b63a17ee6ceae5f3a7d24c722b
nodes/node_projection_registration/0000_create_node_service_registry.sql	node:node_projection_registration	node:node_projection_registration	omninode_internal	node:node_projection_registration:0000_create_node_service_registry.sql	5c320392190e6b9a1e06ab7177b7560181ca00282e107aebfccc452441e4d478
nodes/node_projection_registration/0001_add_heartbeat_columns.sql	node:node_projection_registration	node:node_projection_registration	omninode_internal	node:node_projection_registration:0001_add_heartbeat_columns.sql	2cda779401d041ae1383937df3f4c614df74d09c80c78f24f7993685ba7a6aed
nodes/node_projection_registration/0002_node_service_registry_tenant_rls.sql	node:node_projection_registration	node:node_projection_registration	omninode_internal	node:node_projection_registration:0002_node_service_registry_tenant_rls.sql	3e8a3c12dbefc4432262a1c2533667f4a5f342c39149915bd80b45241c182e98
nodes/node_projection_registration/0003_reconcile_heartbeat_observability.sql	node:node_projection_registration	node:node_projection_registration	omninode_internal	node:node_projection_registration:0003_reconcile_heartbeat_observability.sql	0bc9286ec9b0f7ad36e1d29e54d34bc11fe2be64cf5b874d7432384869ade69e
nodes/node_projection_registration/0004_node_service_registry_no_force_rls.sql	node:node_projection_registration	node:node_projection_registration	omninode_internal	node:node_projection_registration:0004_node_service_registry_no_force_rls.sql	adb21c75ec2503b50a7272857e660ff07cfda16374698cc245af93047e3da6f2
nodes/node_projection_registration/0005_create_projection_watermarks.sql	node:node_projection_registration	node:node_projection_registration	omninode_internal	node:node_projection_registration:0005_create_projection_watermarks.sql	61102cd194178531b874221f7226e04bebcc9b224380145aa6a88b25879d9593
nodes/node_projection_routing_decision/0021_create_agent_routing_decisions.sql	node:node_projection_routing_decision	node:node_projection_routing_decision	omninode_internal	node:node_projection_routing_decision:0021_create_agent_routing_decisions.sql	46d169e595f65ad89e7f524efffedb59eb0e1a37f9527e67f1ff2e8eaaa7711e
nodes/node_projection_routing_decision/0022_agent_routing_decisions_tenant_id_and_rls.sql	node:node_projection_routing_decision	node:node_projection_routing_decision	tenant	node:node_projection_routing_decision:0022_agent_routing_decisions_tenant_id_and_rls.sql	bac8be9bbe6167601ca805d35a78f469a6bce9ca9fc22e88a363c50dac0b7f83
nodes/node_projection_sandbox_decisions/0001_create_sandbox_decisions.sql	node:node_projection_sandbox_decisions	node:node_projection_sandbox_decisions	omninode_internal	node:node_projection_sandbox_decisions:0001_create_sandbox_decisions.sql	dcf92194d262bb957dd5537a2d9e16083b89d2d1c259f08f869460b76145b96c
nodes/node_projection_savings/074_create_savings_estimates.sql	node:node_projection_savings	node:node_projection_savings	tenant	node:node_projection_savings:074_create_savings_estimates.sql	b78acc5ba3144f9a7c7d85fd0fd5803b02b60503765fc58f8650a6a2bde27f4e
nodes/node_projection_savings/075_add_savings_estimates_updated_at.sql	node:node_projection_savings	node:node_projection_savings	tenant	node:node_projection_savings:075_add_savings_estimates_updated_at.sql	e2dc485f47b82671b06cb4cf42147d6ec410bff3803868fe375e866d407062e7
nodes/node_projection_savings/076_create_delegation_savings_projection_view.sql	node:node_projection_savings	node:node_projection_savings	tenant	node:node_projection_savings:076_create_delegation_savings_projection_view.sql	b14ba7616265359e683b5354935a7e678f9d2dc013e4ecd11f022cab6f299544
nodes/node_projection_savings/077_create_cost_savings_overview_projection_view.sql	node:node_projection_savings	node:node_projection_savings	tenant	node:node_projection_savings:077_create_cost_savings_overview_projection_view.sql	f25fdb63293786b5a1c4270aee3b28b07f66ff22dfcdbd7cd29603e9405dffd6
nodes/node_projection_savings/078_create_delegation_savings_series_projection_view.sql	node:node_projection_savings	node:node_projection_savings	tenant	node:node_projection_savings:078_create_delegation_savings_series_projection_view.sql	e424f3f6dff90182c6d72ba9601e588dfbfe1605e92cec670cd8460c634fb2c4
nodes/node_projection_savings/079_add_savings_series_tier_mix.sql	node:node_projection_savings	node:node_projection_savings	tenant	node:node_projection_savings:079_add_savings_series_tier_mix.sql	8016a7f32ad9b317cc094f1af0e285d446646639aeba239363f84387651cf782
nodes/node_projection_savings/080_savings_estimates_tenant_id.sql	node:node_projection_savings	node:node_projection_savings	tenant	node:node_projection_savings:080_savings_estimates_tenant_id.sql	0826ecef5bfc4764f7b6319bc9291c49f013881629fa955c3b70b52060844d2e
nodes/node_projection_savings/081_savings_estimates_rls_tenant_isolation.sql	node:node_projection_savings	node:node_projection_savings	tenant	node:node_projection_savings:081_savings_estimates_rls_tenant_isolation.sql	4eef79e5af54c1355bcefdebf1d941e081ec60525f9b19e6be21fca73d406010
nodes/node_projection_session_outcome/0021_session_outcomes.sql	node:node_projection_session_outcome	node:node_projection_session_outcome	omninode_internal	node:node_projection_session_outcome:0021_session_outcomes.sql	de421b3a1ef9bd31f29fe6bce7d1efc469a1ead9a08a1f59e9bd8fb53a1a77f0
nodes/node_projection_session_replay/0001_create_session_replay_snapshots.sql	node:node_projection_session_replay	node:node_projection_session_replay	omninode_internal	node:node_projection_session_replay:0001_create_session_replay_snapshots.sql	c27aecf66ed8feca3a95baa23d563e7d350f90fab9305ae15a6869d5369f7487
nodes/node_projection_skill_executions/0001_create_skill_execution_snapshots.sql	node:node_projection_skill_executions	node:node_projection_skill_executions	omninode_internal	node:node_projection_skill_executions:0001_create_skill_execution_snapshots.sql	64da2834b60a19ce0291a7d505dacc97425f7c8875fa366e0f05635b6c54dfa4
nodes/node_projection_skill_executions/0002_skill_execution_snapshots_tenant_id_and_rls.sql	node:node_projection_skill_executions	node:node_projection_skill_executions	tenant	node:node_projection_skill_executions:0002_skill_execution_snapshots_tenant_id_and_rls.sql	b5949008c3361ce49554942ba8f1a2a6394d55b2e5697cfe6cd45f9ca2c2b747
nodes/node_projection_swarm/0001_create_swarm_runs.sql	node:node_projection_swarm	node:node_projection_swarm	omninode_internal	node:node_projection_swarm:0001_create_swarm_runs.sql	371758edf852e610b60a21dda5556ae212179c5d2fa437a115bb48a9ddb26e20
nodes/node_projection_tenant_credentials/0000_create_tenant_inference_credentials.sql	node:node_projection_tenant_credentials	node:node_projection_tenant_credentials	tenant	node:node_projection_tenant_credentials:0000_create_tenant_inference_credentials.sql	87aa72979c0d8bcd3cee1f0a68ec86d5ee32ee8b3bbe1c6d9f862779956048df
nodes/node_projection_traces/0001_create_traces.sql	node:node_projection_traces	node:node_projection_traces	omninode_internal	node:node_projection_traces:0001_create_traces.sql	3ca434ec9cad1b192179fc662467fa0bcff139810ee113dc6f7ec4330d1040d2
nodes/node_projection_voice_sessions/0001_create_voice_sessions.sql	node:node_projection_voice_sessions	node:node_projection_voice_sessions	omninode_internal	node:node_projection_voice_sessions:0001_create_voice_sessions.sql	7929304ef3aeb0f86119e8c2e43dffce0211f859646887bc04e9e5cdaa72d946
nodes/node_renderer_capability_projection/0001_create_renderer_capability_projection.sql	node:node_renderer_capability_projection	node:node_renderer_capability_projection	omninode_internal	node:node_renderer_capability_projection:0001_create_renderer_capability_projection.sql	3066f544ee2d6d9259af6d9b1adee6c6f435dedbb33f2de6fa4d36505a355da5
